"","genre","budget"
"1","action",31505915.0308123
"2","animation",27114378.3783784
"3","comedy",10511048.7382716
"4","documentary",797503.809523809
"5","drama",9700094.64583333
"6","romance",5343502.02325581
